node	age.min	age.max	soft.bounds	event
34	435.32407462	435.32407462	NA	R
47	1.13686837721616e-13	82.1407988900001	NA	D
