node	age.min	age.max	soft.bounds	event
14	117.028	1000	NA	R
17	9.38000000000001	9.38000000000001	NA	S
18	117.028	117.028	NA	S
19	9.38000000000001	9.38000000000001	NA	S
20	117.028	117.028	NA	S
22	9.38000000000001	9.38000000000001	NA	S
23	9.38000000000001	9.38000000000001	NA	S
